<?xml version="1.0" encoding="UTF-8" standalone="yes"?>
<app version="1">
	<name>WiiX-Ball</name>
	<coder>KMS</coder>
	<version>1.0</version>
	<release_date>200912310000</release_date>
	<short_description>Breakout for the Wii</short_description>
	<long_description>This game is based on and dedicated to the fans of the well-known breakout game DX-Ball for the PC.
Point the Wii remote on the screen to move the paddle and press A or B to fire the ball. Up to 4 players can control the game at the same time. 

Programmed by Kirill M.

Graphics and effects:
Kirill M.
Michael P. Welch
Seumas McNally

Music:
Space Debris by captain
Team Haze Chiptune by dubmood
Candy Coast by Wiklund &amp; Nyhlin

Please visit www.KMSZone.com</long_description>
</app>